{
  "hash": "a54e1c85",
  "configHash": "de1889e2",
  "lockfileHash": "537f8bd5",
  "browserHash": "4737e6da",
  "optimized": {
    "vue": {
      "src": "../../../../node_modules/vue/dist/vue.runtime.esm-bundler.js",
      "file": "vue.js",
      "fileHash": "2198c0cd",
      "needsInterop": false
    },
    "vitepress > @vue/devtools-api": {
      "src": "../../../../node_modules/@vue/devtools-api/lib/esm/index.js",
      "file": "vitepress___@vue_devtools-api.js",
      "fileHash": "3ad23b18",
      "needsInterop": false
    },
    "flexsearch": {
      "src": "../../../../node_modules/flexsearch/dist/module/index.js",
      "file": "flexsearch.js",
      "fileHash": "0cb31744",
      "needsInterop": false
    },
    "axios": {
      "src": "../../../../node_modules/axios/index.js",
      "file": "axios.js",
      "fileHash": "5415107c",
      "needsInterop": false
    },
    "ethers": {
      "src": "../../../../node_modules/ethers/lib.esm/index.js",
      "file": "ethers.js",
      "fileHash": "168bfb88",
      "needsInterop": false
    },
    "tiny-emitter": {
      "src": "../../../../node_modules/tiny-emitter/index.js",
      "file": "tiny-emitter.js",
      "fileHash": "465b868f",
      "needsInterop": true
    }
  },
  "chunks": {
    "chunk-TXPGJST7": {
      "file": "chunk-TXPGJST7.js"
    }
  }
}