{
  "1": { "fullname": "Ethereum", "type": "mainnet" },
  "3": { "fullname": "Ropsten testnet (deprecated)", "type": "testnet" },
  "4": { "fullname": "Rinkeby testnet (deprecated)", "type": "testnet" },
  "5": { "fullname": "Ethereum Goerli testnet", "type": "testnet" },
  "10": { "fullname": "Optimism", "type": "mainnet" },
  "30": { "fullname": "RSK", "type": "mainnet" },
  "31": { "fullname": "RSK testnet", "type": "testnet" },
  "42": { "fullname": "Kovan testnet (deprecated)", "type": "testnet" },
  "56": { "fullname": "BNB Chain", "type": "mainnet" },
  "420": { "fullname": "Optimism testnet", "type": "testnet" },
  "77": { "fullname": "POA Network Sokol testnet", "type": "testnet" },
  "97": { "fullname": "BNB Chain testnet", "type": "testnet" },
  "100": { "fullname": "Gnosis Chain", "type": "mainnet" },
  "137": { "fullname": "Polygon", "type": "mainnet" },
  "250": { "fullname": "Fantom Opera", "type": "mainnet" },
  "280": { "fullname": "zkSync Era testnet", "type": "testnet" },
  "288": { "fullname": "Boba Ethereum", "type": "mainnet" },
  "416": { "fullname": "SX Network", "type": "mainnet" },
  "588": { "fullname": "Metis Stardust testnet", "type": "testnet" },
  "647": { "fullname": "SX Network testnet", "type": "testnet" },
  "1088": { "fullname": "Metis Andromeda", "type": "mainnet" },
  "1284": { "fullname": "Moonbeam", "type": "mainnet" },
  "1285": { "fullname": "Moonriver", "type": "mainnet" },
  "1287": { "fullname": "Moonbase Alpha testnet", "type": "testnet" },
  "1294": { "fullname": "Boba Moonbeam", "type": "mainnet" },
  "1442": { "fullname": "zkEVM testnet", "type": "testnet" },
  "2001": { "fullname": "Milkomeda", "type": "mainnet" },
  "4002": { "fullname": "Fantom testnet", "type": "testnet" },
  "42161": { "fullname": "Arbitrum One", "type": "mainnet" },
  "42170": { "fullname": "Arbitrum Nova", "type": "mainnet" },
  "43113": { "fullname": "Avalanche Fuji testnet", "type": "testnet" },
  "43114": { "fullname": "Avalanche C-Chain", "type": "mainnet" },
  "43288": { "fullname": "Boba Avalanche", "type": "mainnet" },
  "56288": { "fullname": "Boba BNB", "type": "mainnet" },
  "71401": { "fullname": "GodWoken testnet", "type": "testnet" },
  "71402": { "fullname": "GodWoken", "type": "mainnet" },
  "80001": { "fullname": "Polygon Mumbai testnet", "type": "testnet" },
  "200101": { "fullname": "Milkomeda C1 testnet", "type": "testnet" },
  "421613": { "fullname": "Arbitrum testnet", "type": "testnet" },
  "11155111": { "fullname": "Ethereum-Sepolia", "type": "testnet" },
  "1313161554": { "fullname": "Aurora", "type": "mainnet" },
  "1313161555": { "fullname": "Aurora testnet", "type": "testnet" }
}
