[
  { "version": "v0.10", "url": "https://github.com/airnode/v0.10/" },
  { "version": "v0.9", "url": "https://github.com/airnode/v0.9/" },
  { "version": "v0.8", "url": "https://github.com/airnode/v0.8/" },
  { "version": "v0.7", "url": "https://github.com/airnode/v0.7/" },
  { "version": "v0.6", "url": "https://github.com/airnode/v0.6/" },
  { "version": "v0.5", "url": "https://github.com/airnode/v0.5/" },
  { "version": "v0.4", "url": "https://github.com/airnode/v0.4/" },
  { "version": "v0.3", "url": "https://github.com/airnode/v0.3/" },
  { "version": "v0.2", "url": "https://github.com/airnode/v0.2/" },
  { "version": "pre-alpha", "url": "https://github.com/airnode/pre-alpha/" }
]
